,WaterwayCode,WaterwayName,In/Out/Thru,CompletedYear,Trips
0,3204,"Toledo-Lucas County Port, OH",Inbound Receiving,2014,145
1,3204,"Toledo-Lucas County Port, OH",Inbound Receiving,2015,104
2,3204,"Toledo-Lucas County Port, OH",Inbound Receiving,2016,69
3,3204,"Toledo-Lucas County Port, OH",Inbound Receiving,2017,92
4,3204,"Toledo-Lucas County Port, OH",Inbound Receiving,2018,78
5,3204,"Toledo-Lucas County Port, OH",Inbound Receiving,2019,92
6,3204,"Toledo-Lucas County Port, OH",Inbound Receiving,2020,65
7,3204,"Toledo-Lucas County Port, OH",Inbound Receiving,2021,106
8,3204,"Toledo-Lucas County Port, OH",Inbound Receiving,2022,114
9,3204,"Toledo-Lucas County Port, OH",Inbound Receiving,2023,126
10,3204,"Toledo-Lucas County Port, OH",Outbound Shipping,2014,141
11,3204,"Toledo-Lucas County Port, OH",Outbound Shipping,2015,96
12,3204,"Toledo-Lucas County Port, OH",Outbound Shipping,2016,79
13,3204,"Toledo-Lucas County Port, OH",Outbound Shipping,2017,98
14,3204,"Toledo-Lucas County Port, OH",Outbound Shipping,2018,77
15,3204,"Toledo-Lucas County Port, OH",Outbound Shipping,2019,83
16,3204,"Toledo-Lucas County Port, OH",Outbound Shipping,2020,62
17,3204,"Toledo-Lucas County Port, OH",Outbound Shipping,2021,84
18,3204,"Toledo-Lucas County Port, OH",Outbound Shipping,2022,91
19,3204,"Toledo-Lucas County Port, OH",Outbound Shipping,2023,92
20,3217,"Cleveland-Cuyahoga Port, OH",Inbound Receiving,2014,439
21,3217,"Cleveland-Cuyahoga Port, OH",Inbound Receiving,2015,427
22,3217,"Cleveland-Cuyahoga Port, OH",Inbound Receiving,2016,345
23,3217,"Cleveland-Cuyahoga Port, OH",Inbound Receiving,2017,405
24,3217,"Cleveland-Cuyahoga Port, OH",Inbound Receiving,2018,357
25,3217,"Cleveland-Cuyahoga Port, OH",Inbound Receiving,2019,345
26,3217,"Cleveland-Cuyahoga Port, OH",Inbound Receiving,2020,248
27,3217,"Cleveland-Cuyahoga Port, OH",Inbound Receiving,2021,222
28,3217,"Cleveland-Cuyahoga Port, OH",Inbound Receiving,2022,201
29,3217,"Cleveland-Cuyahoga Port, OH",Inbound Receiving,2023,304
30,3217,"Cleveland-Cuyahoga Port, OH",Outbound Shipping,2014,415
31,3217,"Cleveland-Cuyahoga Port, OH",Outbound Shipping,2015,386
32,3217,"Cleveland-Cuyahoga Port, OH",Outbound Shipping,2016,318
33,3217,"Cleveland-Cuyahoga Port, OH",Outbound Shipping,2017,394
34,3217,"Cleveland-Cuyahoga Port, OH",Outbound Shipping,2018,337
35,3217,"Cleveland-Cuyahoga Port, OH",Outbound Shipping,2019,324
36,3217,"Cleveland-Cuyahoga Port, OH",Outbound Shipping,2020,231
37,3217,"Cleveland-Cuyahoga Port, OH",Outbound Shipping,2021,143
38,3217,"Cleveland-Cuyahoga Port, OH",Outbound Shipping,2022,123
39,3217,"Cleveland-Cuyahoga Port, OH",Outbound Shipping,2023,221
40,3219,"Ashtabula Port Authority, OH",Inbound Receiving,2014,101
41,3219,"Ashtabula Port Authority, OH",Inbound Receiving,2015,97
42,3219,"Ashtabula Port Authority, OH",Inbound Receiving,2016,49
43,3219,"Ashtabula Port Authority, OH",Inbound Receiving,2017,124
44,3219,"Ashtabula Port Authority, OH",Inbound Receiving,2018,127
45,3219,"Ashtabula Port Authority, OH",Inbound Receiving,2019,137
46,3219,"Ashtabula Port Authority, OH",Inbound Receiving,2020,92
47,3219,"Ashtabula Port Authority, OH",Inbound Receiving,2021,32
48,3219,"Ashtabula Port Authority, OH",Inbound Receiving,2022,20
49,3219,"Ashtabula Port Authority, OH",Inbound Receiving,2023,16
50,3219,"Ashtabula Port Authority, OH",Outbound Shipping,2014,102
51,3219,"Ashtabula Port Authority, OH",Outbound Shipping,2015,94
52,3219,"Ashtabula Port Authority, OH",Outbound Shipping,2016,44
53,3219,"Ashtabula Port Authority, OH",Outbound Shipping,2017,112
54,3219,"Ashtabula Port Authority, OH",Outbound Shipping,2018,123
55,3219,"Ashtabula Port Authority, OH",Outbound Shipping,2019,130
56,3219,"Ashtabula Port Authority, OH",Outbound Shipping,2020,87
57,3219,"Ashtabula Port Authority, OH",Outbound Shipping,2021,19
58,3219,"Ashtabula Port Authority, OH",Outbound Shipping,2022,12
59,3219,"Ashtabula Port Authority, OH",Outbound Shipping,2023,6
60,3220,"Conneaut Harbor, OH",Inbound Receiving,2014,67
61,3220,"Conneaut Harbor, OH",Inbound Receiving,2015,59
62,3220,"Conneaut Harbor, OH",Inbound Receiving,2016,59
63,3220,"Conneaut Harbor, OH",Inbound Receiving,2017,62
64,3220,"Conneaut Harbor, OH",Inbound Receiving,2018,50
65,3220,"Conneaut Harbor, OH",Inbound Receiving,2019,53
66,3220,"Conneaut Harbor, OH",Inbound Receiving,2020,77
67,3220,"Conneaut Harbor, OH",Inbound Receiving,2021,68
68,3220,"Conneaut Harbor, OH",Inbound Receiving,2022,43
69,3220,"Conneaut Harbor, OH",Inbound Receiving,2023,54
70,3220,"Conneaut Harbor, OH",Outbound Shipping,2014,62
71,3220,"Conneaut Harbor, OH",Outbound Shipping,2015,56
72,3220,"Conneaut Harbor, OH",Outbound Shipping,2016,58
73,3220,"Conneaut Harbor, OH",Outbound Shipping,2017,57
74,3220,"Conneaut Harbor, OH",Outbound Shipping,2018,47
75,3220,"Conneaut Harbor, OH",Outbound Shipping,2019,49
76,3220,"Conneaut Harbor, OH",Outbound Shipping,2020,72
77,3220,"Conneaut Harbor, OH",Outbound Shipping,2021,42
78,3220,"Conneaut Harbor, OH",Outbound Shipping,2022,32
79,3220,"Conneaut Harbor, OH",Outbound Shipping,2023,23
80,3315,"Rouge River, MI",Inbound Receiving,2014,190
81,3315,"Rouge River, MI",Inbound Receiving,2015,191
82,3315,"Rouge River, MI",Inbound Receiving,2016,177
83,3315,"Rouge River, MI",Inbound Receiving,2017,184
84,3315,"Rouge River, MI",Inbound Receiving,2018,185
85,3315,"Rouge River, MI",Inbound Receiving,2019,162
86,3315,"Rouge River, MI",Inbound Receiving,2020,160
87,3315,"Rouge River, MI",Inbound Receiving,2021,211
88,3315,"Rouge River, MI",Inbound Receiving,2022,194
89,3315,"Rouge River, MI",Inbound Receiving,2023,209
90,3315,"Rouge River, MI",Outbound Shipping,2014,167
91,3315,"Rouge River, MI",Outbound Shipping,2015,173
92,3315,"Rouge River, MI",Outbound Shipping,2016,165
93,3315,"Rouge River, MI",Outbound Shipping,2017,176
94,3315,"Rouge River, MI",Outbound Shipping,2018,171
95,3315,"Rouge River, MI",Outbound Shipping,2019,147
96,3315,"Rouge River, MI",Outbound Shipping,2020,141
97,3315,"Rouge River, MI",Outbound Shipping,2021,154
98,3315,"Rouge River, MI",Outbound Shipping,2022,157
99,3315,"Rouge River, MI",Outbound Shipping,2023,186
100,3736,"Gary, IN",Inbound Receiving,2014,199
101,3736,"Gary, IN",Inbound Receiving,2015,172
102,3736,"Gary, IN",Inbound Receiving,2016,159
103,3736,"Gary, IN",Inbound Receiving,2017,177
104,3736,"Gary, IN",Inbound Receiving,2018,201
105,3736,"Gary, IN",Inbound Receiving,2019,180
106,3736,"Gary, IN",Inbound Receiving,2020,160
107,3736,"Gary, IN",Inbound Receiving,2021,161
108,3736,"Gary, IN",Inbound Receiving,2022,188
109,3736,"Gary, IN",Inbound Receiving,2023,178
110,3736,"Gary, IN",Outbound Shipping,2014,192
111,3736,"Gary, IN",Outbound Shipping,2015,162
112,3736,"Gary, IN",Outbound Shipping,2016,141
113,3736,"Gary, IN",Outbound Shipping,2017,159
114,3736,"Gary, IN",Outbound Shipping,2018,197
115,3736,"Gary, IN",Outbound Shipping,2019,175
116,3736,"Gary, IN",Outbound Shipping,2020,145
117,3736,"Gary, IN",Outbound Shipping,2021,123
118,3736,"Gary, IN",Outbound Shipping,2022,143
119,3736,"Gary, IN",Outbound Shipping,2023,144
120,3738,"Indiana Harbor, IN",Inbound Receiving,2014,253
121,3738,"Indiana Harbor, IN",Inbound Receiving,2015,228
122,3738,"Indiana Harbor, IN",Inbound Receiving,2016,209
123,3738,"Indiana Harbor, IN",Inbound Receiving,2017,197
124,3738,"Indiana Harbor, IN",Inbound Receiving,2018,183
125,3738,"Indiana Harbor, IN",Inbound Receiving,2019,199
126,3738,"Indiana Harbor, IN",Inbound Receiving,2020,145
127,3738,"Indiana Harbor, IN",Inbound Receiving,2021,193
128,3738,"Indiana Harbor, IN",Inbound Receiving,2022,164
129,3738,"Indiana Harbor, IN",Inbound Receiving,2023,155
130,3738,"Indiana Harbor, IN",Outbound Shipping,2014,218
131,3738,"Indiana Harbor, IN",Outbound Shipping,2015,207
132,3738,"Indiana Harbor, IN",Outbound Shipping,2016,186
133,3738,"Indiana Harbor, IN",Outbound Shipping,2017,179
134,3738,"Indiana Harbor, IN",Outbound Shipping,2018,159
135,3738,"Indiana Harbor, IN",Outbound Shipping,2019,182
136,3738,"Indiana Harbor, IN",Outbound Shipping,2020,132
137,3738,"Indiana Harbor, IN",Outbound Shipping,2021,135
138,3738,"Indiana Harbor, IN",Outbound Shipping,2022,123
139,3738,"Indiana Harbor, IN",Outbound Shipping,2023,137
140,3739,"Burns Waterway Harbor, IN",Inbound Receiving,2014,155
141,3739,"Burns Waterway Harbor, IN",Inbound Receiving,2015,130
142,3739,"Burns Waterway Harbor, IN",Inbound Receiving,2016,119
143,3739,"Burns Waterway Harbor, IN",Inbound Receiving,2017,139
144,3739,"Burns Waterway Harbor, IN",Inbound Receiving,2018,137
145,3739,"Burns Waterway Harbor, IN",Inbound Receiving,2019,146
146,3739,"Burns Waterway Harbor, IN",Inbound Receiving,2020,107
147,3739,"Burns Waterway Harbor, IN",Inbound Receiving,2021,172
148,3739,"Burns Waterway Harbor, IN",Inbound Receiving,2022,131
149,3739,"Burns Waterway Harbor, IN",Inbound Receiving,2023,169
150,3739,"Burns Waterway Harbor, IN",Outbound Shipping,2014,143
151,3739,"Burns Waterway Harbor, IN",Outbound Shipping,2015,118
152,3739,"Burns Waterway Harbor, IN",Outbound Shipping,2016,109
153,3739,"Burns Waterway Harbor, IN",Outbound Shipping,2017,124
154,3739,"Burns Waterway Harbor, IN",Outbound Shipping,2018,122
155,3739,"Burns Waterway Harbor, IN",Outbound Shipping,2019,130
156,3739,"Burns Waterway Harbor, IN",Outbound Shipping,2020,94
157,3739,"Burns Waterway Harbor, IN",Outbound Shipping,2021,118
158,3739,"Burns Waterway Harbor, IN",Outbound Shipping,2022,85
159,3739,"Burns Waterway Harbor, IN",Outbound Shipping,2023,119
