<?xml version="1.0"?>
<metadata xml:lang="en"><idinfo><native>Microsoft Windows XP Version 5.1 (Build 2600) Service Pack 3; ESRI ArcCatalog 9.3.1.3000</native><descript><abstract>Shipping lanes for 2008 National Emission Inventory</abstract><purpose>Shipping lane polygons developed for use in the 2008 National Emission Inventory</purpose></descript><citation><citeinfo><origin>REQUIRED: The name of an organization or individual that developed the data set.</origin><pubdate>REQUIRED: The date when the data set is published or otherwise made available for release.</pubdate><title>ShippingLanes_111309FINAL</title><geoform>vector digital data</geoform><onlink>\\ERG-MOR\GIS\GIS\GIS2010\aa BaseLayers\ShippingLanes_111309FINAL</onlink></citeinfo></citation><timeperd><current>publication date</current><timeinfo><sngdate><caldate>2008</caldate></sngdate></timeinfo></timeperd><status><progress>Complete</progress><update>As needed</update></status><spdom><bounding><westbc>-180.000000</westbc><eastbc>180.000000</eastbc><northbc>84.285611</northbc><southbc>0.943607</southbc></bounding></spdom><keywords/><accconst>REQUIRED: Restrictions and legal prerequisites for accessing the data set.</accconst><useconst>REQUIRED: Restrictions and legal prerequisites for using the data set after access is granted.</useconst><ptcontac><cntinfo><cntorgp><cntorg>US EPA</cntorg><cntper>Laurel Driver</cntper></cntorgp></cntinfo></ptcontac></idinfo><dataIdInfo><envirDesc>Microsoft Windows XP Version 5.1 (Build 2600) Service Pack 3; ESRI ArcCatalog 9.3.1.3000</envirDesc><dataLang><languageCode value="en"/><countryCode value="USA" Sync="TRUE"></countryCode></dataLang><idCitation><resTitle>ShippingLanes_111309FINAL</resTitle><presForm><PresFormCd value="005"/></presForm></idCitation><spatRpType><SpatRepTypCd value="001"/></spatRpType><dataExt><geoEle><GeoBndBox esriExtentType="native"><westBL>-7126044.43716</westBL><eastBL>3181171.9466</eastBL><northBL>4934195.21104</northBL><southBL>-1884614.4886</southBL><exTypeCode>1</exTypeCode></GeoBndBox></geoEle></dataExt><geoBox esriExtentType="decdegrees"><westBL>-180</westBL><eastBL>180</eastBL><northBL>84.285611</northBL><southBL>0.943607</southBL><exTypeCode>1</exTypeCode></geoBox><dataExt><geoEle><GeoBndBox esriExtentType="search"><exTypeCode Sync="TRUE">1</exTypeCode><westBL Sync="TRUE">-180.000000</westBL><eastBL Sync="TRUE">180.000000</eastBL><northBL Sync="TRUE">84.285611</northBL><southBL Sync="TRUE">-1.980111</southBL></GeoBndBox></geoEle></dataExt></dataIdInfo><metainfo><metstdn>FGDC Content Standards for Digital Geospatial Metadata</metstdn><metstdv>FGDC-STD-001-1998</metstdv><mettc>local time</mettc><metc><cntinfo><cntorgp><cntper>REQUIRED: The person responsible for the metadata information.</cntper><cntorg>REQUIRED: The organization responsible for the metadata information.</cntorg></cntorgp><cntaddr><addrtype>REQUIRED: The mailing and/or physical address for the organization or individual.</addrtype><city>REQUIRED: The city of the address.</city><state>REQUIRED: The state or province of the address.</state><postal>REQUIRED: The ZIP or other postal code of the address.</postal></cntaddr><cntvoice>REQUIRED: The telephone number by which individuals can speak to the organization or individual.</cntvoice></cntinfo></metc><metd>20091113</metd></metainfo><mdLang><languageCode value="en"/><countryCode value="USA" Sync="TRUE"></countryCode></mdLang><mdStanName>ISO 19115 Geographic Information - Metadata</mdStanName><mdStanVer>DIS_ESRI1.0</mdStanVer><mdChar><CharSetCd value="004"/></mdChar><mdHrLv><ScopeCd value="005"/></mdHrLv><mdHrLvName>dataset</mdHrLvName><distinfo><resdesc>Downloadable Data</resdesc><stdorder><digform><digtinfo><transize>31.776</transize></digtinfo></digform></stdorder></distinfo><distInfo><distributor><distorTran><onLineSrc><orDesc>002</orDesc><linkage>file://\\ERG-MOR\GIS\GIS\GIS2010\aa BaseLayers\ShippingLanes_111309FINAL</linkage><protocol>Local Area Network</protocol></onLineSrc><transSize>31.776</transSize></distorTran><distorFormat><formatName>Shapefile</formatName></distorFormat></distributor><distFormat><formatName Sync="TRUE">Shapefile</formatName></distFormat><distTranOps><transSize Sync="TRUE">31.905</transSize></distTranOps></distInfo><spdoinfo><direct>Vector</direct><ptvctinf><esriterm Name="ShippingLanes_080515"><efeatyp Sync="TRUE">Simple</efeatyp><efeageom code="4" Sync="TRUE"></efeageom><esritopo Sync="TRUE">FALSE</esritopo><efeacnt Sync="TRUE">5115</efeacnt><spindex Sync="TRUE">TRUE</spindex><linrefer Sync="TRUE">FALSE</linrefer></esriterm></ptvctinf></spdoinfo><spref><horizsys><planar><planci><plance>coordinate pair</plance><plandu>meters</plandu><coordrep><absres>0.000000</absres><ordres>0.000000</ordres></coordrep></planci></planar><geodetic><horizdn>North American Datum of 1983</horizdn><ellips>Geodetic Reference System 80</ellips><semiaxis>6378137.000000</semiaxis><denflat>298.257222</denflat></geodetic></horizsys><vertdef><altsys><altenc>Explicit elevation coordinate included with horizontal coordinates</altenc><altres>0.000100</altres></altsys></vertdef></spref><refSysInfo><RefSystem><refSysID><identCode>North_America_Equidistant_Conic</identCode><idCodeSpace Sync="TRUE">ESRI</idCodeSpace><idVersion Sync="TRUE">10.2.1</idVersion></refSysID></RefSystem></refSysInfo><spatRepInfo><VectSpatRep><geometObjs Name="ShippingLanes_080515"><geoObjTyp><GeoObjTypCd value="002" Sync="TRUE"></GeoObjTypCd></geoObjTyp><geoObjCnt Sync="TRUE">5115</geoObjCnt></geometObjs><topLvl><TopoLevCd value="001" Sync="TRUE"></TopoLevCd></topLvl></VectSpatRep></spatRepInfo><eainfo><detailed Name="ShippingLanes_080515"><enttyp><enttypl>ShippingLanes_111309FINAL</enttypl><enttypt Sync="TRUE">Feature Class</enttypt><enttypc Sync="TRUE">5115</enttypc></enttyp><attr><attrlabl>FID</attrlabl><attrdef>Internal feature number.</attrdef><attrdefs>ESRI</attrdefs><attrdomv><udom>Sequential unique whole numbers that are automatically generated.</udom></attrdomv><attalias Sync="TRUE">FID</attalias><attrtype Sync="TRUE">OID</attrtype><attwidth Sync="TRUE">4</attwidth><atprecis Sync="TRUE">0</atprecis><attscale Sync="TRUE">0</attscale></attr><attr><attrlabl>Shape</attrlabl><attrdef>Feature geometry.</attrdef><attrdefs>ESRI</attrdefs><attrdomv><udom>Coordinates defining the features.</udom></attrdomv><attalias Sync="TRUE">Shape</attalias><attrtype Sync="TRUE">Geometry</attrtype><attwidth Sync="TRUE">0</attwidth><atprecis Sync="TRUE">0</atprecis><attscale Sync="TRUE">0</attscale></attr><attr><attrlabl>FIPS</attrlabl><attrdef>State and County FIPS</attrdef><attalias Sync="TRUE">FIPS</attalias><attrtype Sync="TRUE">String</attrtype><attwidth Sync="TRUE">10</attwidth><atprecis Sync="TRUE">0</atprecis><attscale Sync="TRUE">0</attscale></attr><attr><attrlabl>Area_sqmi</attrlabl><attrdef>Polygon Area in square miles</attrdef><attalias Sync="TRUE">Area_sqmi</attalias><attrtype Sync="TRUE">Double</attrtype><attwidth Sync="TRUE">19</attwidth><atprecis Sync="TRUE">0</atprecis><attscale Sync="TRUE">0</attscale></attr><attr><attrlabl>ShapeID</attrlabl><attrdef>Unique Shape Indentifier</attrdef><attalias Sync="TRUE">ShapeID</attalias><attrtype Sync="TRUE">String</attrtype><attwidth Sync="TRUE">10</attwidth><atprecis Sync="TRUE">0</atprecis><attscale Sync="TRUE">0</attscale></attr></detailed></eainfo><mdDateSt>20091113</mdDateSt><dataqual><lineage><procstep><procdesc>Dataset copied.</procdesc><srcused>P:\GIS2009\NEI_GIS\04 Finals - first set\ShipLane_poly</srcused><procdate>20090605</procdate><proctime>10201400</proctime></procstep><procstep><procdesc>Dataset copied.</procdesc><srcused/><procdate>20090609</procdate><proctime>12280000</proctime></procstep><procstep><procdesc>Dataset copied.</procdesc><srcused>P:\GIS2009\NEI_GIS_Ports\03 Shipping Lanes\GIS\ShipLane_Revised</srcused><procdate>20090610</procdate><proctime>10510800</proctime></procstep><procstep><procdesc>Dataset copied.</procdesc><srcused>P:\GIS2009\NEI_GIS_Ports\03 Shipping Lanes\GIS\ShipLane_RevisedCopy</srcused><procdate>20090610</procdate><proctime>12474400</proctime></procstep><procstep><procdesc>Dataset copied.</procdesc><srcused>\\MOR-HPEREZ\C$\Documents and Settings\HPerez\Desktop\PortsWork\Ports_FileGDB_2.gdb</srcused><procdate>20090903</procdate><proctime>15292600</proctime></procstep><procstep><procdesc>Dataset copied.</procdesc><srcused>F:\NEIGIS\Ports\02 GIS files\ShipLane_Elim_Diss</srcused><procdate>20090908</procdate><proctime>15190900</proctime></procstep><procstep><procdesc>Dataset copied.</procdesc><srcused>C:\Documents and Settings\HPerez\Desktop\PortsWork\02 GIS files\090309files\ShipLane_Elim_Diss</srcused><procdate>20090909</procdate><proctime>13514800</proctime></procstep><procstep><procdesc>Dataset copied.</procdesc><srcused>F:\NEIGIS\07 Combine Emissions\Final QA checks\GIS\ShippingLanes_110509</srcused><procdate>20091105</procdate><proctime>10480500</proctime></procstep><procstep><procdesc>Dataset copied.</procdesc><srcused>P:\GIS2009\NEI_GIS_Ports\08 Finals\GIS\ShippingLanes_110509</srcused><procdate>20091113</procdate><proctime>12453800</proctime></procstep><procstep><procdesc>Dataset copied.</procdesc><srcused>P:\GIS2009\NEI_GIS_Ports\08 Finals\GIS\ShippingLanes_111309</srcused><procdate>20091113</procdate><proctime>12565000</proctime></procstep><procstep><procdesc>Dataset copied.</procdesc><srcused>P:\GIS2009\NEI_GIS_Ports\10 Really Final\GIS\ShippingLanes_111309FINAL</srcused><procdate>20100303</procdate><proctime>09495600</proctime></procstep></lineage></dataqual><Esri><DataProperties><copyHistory><copy source="P:\GIS2017\NEI\GIS\ShippingLanes_011117" dest="\\erg.com\mor\gis\GIS2017\NEI\GIS\ShippingLanes_011117Copy" date="20170131" time="09455700"></copy></copyHistory><lineage><Process ToolSource="c:\program files (x86)\arcgis\desktop10.2\ArcToolbox\Toolboxes\Data Management Tools.tbx\CalculateField" Date="20140725" Time="142641">CalculateField ShippingLanes_072514 FIPS2014 [FIPS] VB #</Process><Process ToolSource="c:\program files (x86)\arcgis\desktop10.2\ArcToolbox\Toolboxes\Data Management Tools.tbx\CalculateField" Date="20140730" Time="092951">CalculateField ShippingLanes_072514 FIPS2014 "02275" VB #</Process><Process ToolSource="c:\program files (x86)\arcgis\desktop10.3\ArcToolbox\Toolboxes\Data Management Tools.tbx\Merge" Date="20150805" Time="101308">Merge ShippingLanes_072514;US_Islands_Polygons_6;PR_9nm_erase C:\Users\HPerez\Desktop\NEI_2014\CMV\GIS\PuertoRico\ShippingLanes_080515.shp "Area_sqmi "Area_sqmi" true true false 19 Double 0 0 ,First,#,ShippingLanes_072514,Area_sqmi,-1,-1;ShapeID "ShapeID" true true false 10 Text 0 0 ,First,#,ShippingLanes_072514,ShapeID,-1,-1,US_Islands_Polygons_6,ShapeID,-1,-1,PR_9nm_erase,ShapeID,-1,-1;FIPS "FIPS" true true false 10 Text 0 0 ,First,#,US_Islands_Polygons_6,FIPS,-1,-1,PR_9nm_erase,FIPS,-1,-1,ShippingLanes_072514,FIPS2014,-1,-1"</Process><Process ToolSource="c:\program files (x86)\arcgis\desktop10.3\ArcToolbox\Toolboxes\Data Management Tools.tbx\CalculateField" Date="20150805" Time="111331">CalculateField ShippingLanes_080515 ShapeID "5116" VB #</Process><Process ToolSource="c:\program files (x86)\arcgis\desktop10.3\ArcToolbox\Toolboxes\Data Management Tools.tbx\CalculateField" Date="20170111" Time="140058">CalculateField ShippingLanes_011117 ShapeID "5119" VB #</Process><Process ToolSource="c:\program files (x86)\arcgis\desktop10.3\ArcToolbox\Toolboxes\Data Management Tools.tbx\CalculateField" Date="20170111" Time="142031">CalculateField ShippingLanes_011117 ShapeID "5079" VB #</Process><Process ToolSource="c:\program files (x86)\arcgis\desktop10.3\ArcToolbox\Toolboxes\Data Management Tools.tbx\CalculateField" Date="20170111" Time="150149">CalculateField ShippingLanes_011117 ShapeID "5116" VB #</Process></lineage><itemProps><itemName Sync="TRUE">ShippingLanes_080515</itemName><imsContentType Sync="TRUE">002</imsContentType><itemSize Sync="TRUE">31.905</itemSize><itemLocation><linkage Sync="TRUE">file://\\erg.com\mor\gis\GIS2017\NEI\GIS\ShippingLanes_011117Copy</linkage><protocol Sync="TRUE">Local Area Network</protocol></itemLocation><nativeExtBox><westBL Sync="TRUE">-7126044.437160</westBL><eastBL Sync="TRUE">3402312.254920</eastBL><southBL Sync="TRUE">-2290542.280359</southBL><northBL Sync="TRUE">4934195.211040</northBL><exTypeCode Sync="TRUE">1</exTypeCode></nativeExtBox></itemProps><coordRef><type Sync="TRUE">Projected</type><geogcsn Sync="TRUE">GCS_North_American_1983</geogcsn><csUnits Sync="TRUE">Linear Unit: Meter (1.000000)</csUnits><projcsn Sync="TRUE">North_America_Equidistant_Conic</projcsn><peXml Sync="TRUE">&lt;ProjectedCoordinateSystem xsi:type='typens:ProjectedCoordinateSystem' xmlns:xsi='http://www.w3.org/2001/XMLSchema-instance' xmlns:xs='http://www.w3.org/2001/XMLSchema' xmlns:typens='http://www.esri.com/schemas/ArcGIS/10.3'&gt;&lt;WKT&gt;PROJCS[&amp;quot;North_America_Equidistant_Conic&amp;quot;,GEOGCS[&amp;quot;GCS_North_American_1983&amp;quot;,DATUM[&amp;quot;D_North_American_1983&amp;quot;,SPHEROID[&amp;quot;GRS_1980&amp;quot;,6378137.0,298.257222101]],PRIMEM[&amp;quot;Greenwich&amp;quot;,0.0],UNIT[&amp;quot;Degree&amp;quot;,0.0174532925199433]],PROJECTION[&amp;quot;Equidistant_Conic&amp;quot;],PARAMETER[&amp;quot;False_Easting&amp;quot;,0.0],PARAMETER[&amp;quot;False_Northing&amp;quot;,0.0],PARAMETER[&amp;quot;Central_Meridian&amp;quot;,-96.0],PARAMETER[&amp;quot;Standard_Parallel_1&amp;quot;,20.0],PARAMETER[&amp;quot;Standard_Parallel_2&amp;quot;,60.0],PARAMETER[&amp;quot;Latitude_Of_Origin&amp;quot;,40.0],UNIT[&amp;quot;Meter&amp;quot;,1.0],AUTHORITY[&amp;quot;ESRI&amp;quot;,102010]]&lt;/WKT&gt;&lt;XOrigin&gt;-21730100&lt;/XOrigin&gt;&lt;YOrigin&gt;-14431600&lt;/YOrigin&gt;&lt;XYScale&gt;207251675.20492288&lt;/XYScale&gt;&lt;ZOrigin&gt;-100000&lt;/ZOrigin&gt;&lt;ZScale&gt;10000&lt;/ZScale&gt;&lt;MOrigin&gt;-100000&lt;/MOrigin&gt;&lt;MScale&gt;10000&lt;/MScale&gt;&lt;XYTolerance&gt;0.001&lt;/XYTolerance&gt;&lt;ZTolerance&gt;0.001&lt;/ZTolerance&gt;&lt;MTolerance&gt;0.001&lt;/MTolerance&gt;&lt;HighPrecision&gt;true&lt;/HighPrecision&gt;&lt;WKID&gt;102010&lt;/WKID&gt;&lt;LatestWKID&gt;102010&lt;/LatestWKID&gt;&lt;/ProjectedCoordinateSystem&gt;</peXml></coordRef></DataProperties><SyncDate>20160816</SyncDate><SyncTime>15275400</SyncTime><ModDate>20160816</ModDate><ModTime>15275400</ModTime><CreaDate>20170417</CreaDate><CreaTime>10425900</CreaTime><ArcGISstyle>FGDC CSDGM Metadata</ArcGISstyle><SyncOnce>FALSE</SyncOnce><ArcGISFormat>1.0</ArcGISFormat></Esri></metadata>
